{"cameraMode":{"drawMode":0,"name":"Shaded","section":"Shading Mode"},"sceneLighting":false,"audioPlay":false,"sceneViewState":{"m_AlwaysRefresh":false,"showFog":true,"showSkybox":false,"showFlares":true,"showImageEffects":true,"showParticleSystems":true,"showVisualEffectGraphs":true,"m_FxEnabled":true},"in2DMode":false,"pivot":{"x":-0.0000014901161193847657,"y":0.629298985004425,"z":-8.940696716308594e-8},"rotation":{"x":0.09091552346944809,"y":-0.022402960807085038,"z":0.002076493576169014,"w":0.9956616163253784},"size":1.06148362159729,"orthographic":false}