{"cameraMode":{"drawMode":0,"name":"Shaded","section":"Shading Mode"},"sceneLighting":true,"audioPlay":false,"sceneViewState":{"m_AlwaysRefresh":false,"showFog":true,"showSkybox":true,"showFlares":true,"showImageEffects":true,"showParticleSystems":true,"showVisualEffectGraphs":true,"m_FxEnabled":true},"in2DMode":false,"pivot":{"x":-8.619420051574707,"y":3.4744231700897219,"z":188.5255889892578},"rotation":{"x":0.04081882908940315,"y":0.9115850925445557,"z":-0.09362935274839401,"w":0.39841097593307497},"size":1.6250314712524415,"orthographic":false}