{"cameraMode":{"drawMode":0,"name":"Shaded","section":"Shading Mode"},"sceneLighting":true,"audioPlay":false,"sceneViewState":{"m_AlwaysRefresh":false,"showFog":true,"showSkybox":true,"showFlares":true,"showImageEffects":true,"showParticleSystems":true,"showVisualEffectGraphs":true,"m_FxEnabled":true},"in2DMode":false,"pivot":{"x":-1.4650722742080689,"y":3.9796695709228517,"z":130.97886657714845},"rotation":{"x":0.004812071565538645,"y":-0.01422970276325941,"z":-0.00002394958028162364,"w":0.9999638795852661},"size":1.6250314712524415,"orthographic":false}