{"cameraMode":{"drawMode":0,"name":"Shaded","section":"Shading Mode"},"sceneLighting":true,"audioPlay":false,"sceneViewState":{"m_AlwaysRefresh":false,"showFog":true,"showSkybox":true,"showFlares":true,"showImageEffects":true,"showParticleSystems":true,"showVisualEffectGraphs":true,"m_FxEnabled":true},"in2DMode":false,"pivot":{"x":-2.5554287433624269,"y":7.657831192016602,"z":-16.595733642578126},"rotation":{"x":0.1955324113368988,"y":0.015447298996150494,"z":-0.003185110632330179,"w":0.9806536436080933},"size":1.5519050359725953,"orthographic":false}