{"cameraMode":{"drawMode":0,"name":"Shaded","section":"Shading Mode"},"sceneLighting":true,"audioPlay":false,"sceneViewState":{"m_AlwaysRefresh":false,"showFog":true,"showSkybox":true,"showFlares":true,"showImageEffects":true,"showParticleSystems":true,"showVisualEffectGraphs":true,"m_FxEnabled":true},"in2DMode":false,"pivot":{"x":0.12018784135580063,"y":4.389690399169922,"z":12.60558795928955},"rotation":{"x":0.10064514726400376,"y":-0.00819612480700016,"z":0.0007371656247414649,"w":0.9949690103530884},"size":1.5519050359725953,"orthographic":false}