{"cameraMode":{"drawMode":0,"name":"Shaded","section":"Shading Mode"},"sceneLighting":true,"audioPlay":false,"sceneViewState":{"m_AlwaysRefresh":false,"showFog":true,"showSkybox":true,"showFlares":true,"showImageEffects":true,"showParticleSystems":true,"showVisualEffectGraphs":true,"m_FxEnabled":true},"in2DMode":false,"pivot":{"x":6.242964744567871,"y":2.4482672214508058,"z":14.345320701599121},"rotation":{"x":-0.03909195587038994,"y":0.13152055442333222,"z":0.005163907073438168,"w":0.990576446056366},"size":10.169194221496582,"orthographic":false}