{"cameraMode":{"drawMode":0,"name":"Shaded","section":"Shading Mode"},"sceneLighting":false,"audioPlay":false,"sceneViewState":{"m_AlwaysRefresh":false,"showFog":true,"showSkybox":false,"showFlares":true,"showImageEffects":true,"showParticleSystems":true,"showVisualEffectGraphs":true,"m_FxEnabled":true},"in2DMode":false,"pivot":{"x":-3.07576584815979,"y":4.506142616271973,"z":155.09576416015626},"rotation":{"x":0.025801416486501695,"y":-0.020680557936429979,"z":0.0005409394507296383,"w":0.9994608759880066},"size":42.508052825927737,"orthographic":false}